INSERT INTO lostandfound.user (id, username, nickname, sex, phone, password, create_time, role, update_time, avatarPath, question, answer) VALUES (1, 'admin', '管理员', '男', '17266444289', '$2a$10$2.BPqOM6xpIPL/frAoLn5ul0GFfnMhT0vb0QxOZPEnOuJVwDQIONq', '2022-02-11 22:31:04', 'admin', '2022-02-11 22:31:04', 'http://localhost:9080/static/uploads\\2022-02-18\\6FSIYHFP3IWVKTW5EWN1L9.png', '你是谁', '管理员');
INSERT INTO lostandfound.user (id, username, nickname, sex, phone, password, create_time, role, update_time, avatarPath, question, answer) VALUES (2, 'user1', '杜茜茜', '女', '17385046653', '$2a$10$OzHFWmT3HOMvFUUPuvXt1uOcLm2Rywt4itfcpHUsKP2y9663gfAbu', '2022-02-11 22:32:21', 'user', '2022-02-11 22:32:21', 'http://localhost:9080/static/uploads/static/3ea6beec64369c2642b92c6726f1epng.png', '你是谁', '杜茜茜');
INSERT INTO lostandfound.user (id, username, nickname, sex, phone, password, create_time, role, update_time, avatarPath, question, answer) VALUES (3, 'user2', '游妙柏', '男', '15805811821', '$2a$10$g3prIBMTY.DbQCY2XswsJ.NAc7avAknhxsFXNbeot/3MymaqS5v4y', '2022-02-11 22:38:33', 'user', '2022-02-11 22:38:33', 'http://localhost:9080/static/uploads/static/3ea6beec64369c2642b92c6726f1epng.png', '你是谁', '游妙柏');
INSERT INTO lostandfound.user (id, username, nickname, sex, phone, password, create_time, role, update_time, avatarPath, question, answer) VALUES (4, 'user3', '国白山', '男', '19936481114', '$2a$10$rvZPPdF3kko3hI/eQ5JdNeIinaLw30ma4rt/cGYCjoiRCmRrEmqn.', '2022-02-11 22:45:06', 'user', '2022-02-11 22:45:06', 'http://localhost:9080/static/uploads/static/3ea6beec64369c2642b92c6726f1epng.png', '你是谁', '国白山');
INSERT INTO lostandfound.user (id, username, nickname, sex, phone, password, create_time, role, update_time, avatarPath, question, answer) VALUES (5, 'user4', '毛燕平', '女', '14537377410', '$2a$10$oAspEFu2ZZBKHX1TXVJiquC9uboJZBbODR0tEJpK5QRT1mHfgClVa', '2022-02-11 22:51:43', 'user', '2022-02-11 22:51:43', 'http://localhost:9080/static/uploads/static/3ea6beec64369c2642b92c6726f1epng.png', '你是谁', '毛燕平');
INSERT INTO lostandfound.user (id, username, nickname, sex, phone, password, create_time, role, update_time, avatarPath, question, answer) VALUES (6, 'user5', '家晓桐', '男', '17710975121', '$2a$10$csc45vffgQw3jICxUU0tH.ORoNAfVvr/9Bb1mp17RnLqDlfW7Q6pe', '2022-02-11 22:56:27', 'user', '2022-02-11 22:56:27', 'http://localhost:9080/static/uploads/static/3ea6beec64369c2642b92c6726f1epng.png', '你是谁', '家晓桐');
INSERT INTO lostandfound.user (id, username, nickname, sex, phone, password, create_time, role, update_time, avatarPath, question, answer) VALUES (7, 'admin1', '管理员一号', '男', '17266444289', '$2a$10$jqoDtFf1f/2R82nVViOeCeQLtyRC2rzoMT079klwhRfj7hjGxXZsG', '2022-02-11 22:31:04', 'admin', '2022-02-11 22:31:04', 'http://localhost:9080/static/uploads/static/3ea6beec64369c2642b92c6726f1epng.png', '你是谁', '管理员一号');
INSERT INTO lostandfound.user (id, username, nickname, sex, phone, password, create_time, role, update_time, avatarPath, question, answer) VALUES (8, 'admin2', '广成双', '男', '18925189244', '$2a$10$jqoDtFf1f/2R82nVViOeCeQLtyRC2rzoMT079klwhRfj7hjGxXZsG', '2022-02-11 22:31:04', 'admin', '2022-02-11 22:31:04', 'http://localhost:9080/static/uploads/static/3ea6beec64369c2642b92c6726f1epng.png', '你是谁', '广成双');
INSERT INTO lostandfound.user (id, username, nickname, sex, phone, password, create_time, role, update_time, avatarPath, question, answer) VALUES (9, 'admin3', '方鸿羽', '男', '15663712294', '$2a$10$jqoDtFf1f/2R82nVViOeCeQLtyRC2rzoMT079klwhRfj7hjGxXZsG', '2022-02-11 22:31:04', 'admin', '2022-02-11 22:31:04', 'http://localhost:9080/static/uploads/static/3ea6beec64369c2642b92c6726f1epng.png', '你是谁', '方鸿羽');
INSERT INTO lostandfound.user (id, username, nickname, sex, phone, password, create_time, role, update_time, avatarPath, question, answer) VALUES (10, 'admin4', '马向晨', '男', '13580108255', '$2a$10$jqoDtFf1f/2R82nVViOeCeQLtyRC2rzoMT079klwhRfj7hjGxXZsG', '2022-02-11 22:31:04', 'admin', '2022-02-11 22:31:04', 'http://localhost:9080/static/uploads/static/3ea6beec64369c2642b92c6726f1epng.png', '你是谁', '马向晨');
INSERT INTO lostandfound.user (id, username, nickname, sex, phone, password, create_time, role, update_time, avatarPath, question, answer) VALUES (11, 'admin5', '曾乐安', '男', '13624648824', '$2a$10$jqoDtFf1f/2R82nVViOeCeQLtyRC2rzoMT079klwhRfj7hjGxXZsG', '2022-02-11 22:31:04', 'admin', '2022-02-11 22:31:04', 'http://localhost:9080/static/uploads/static/3ea6beec64369c2642b92c6726f1epng.png', '你是谁', '曾乐安');
INSERT INTO lostandfound.user (id, username, nickname, sex, phone, password, create_time, role, update_time, avatarPath, question, answer) VALUES (12, 'admin6', '罗宏深', '男', '15545588828', '$2a$10$jqoDtFf1f/2R82nVViOeCeQLtyRC2rzoMT079klwhRfj7hjGxXZsG', '2022-02-11 22:31:04', 'admin', '2022-02-11 22:31:04', 'http://localhost:9080/static/uploads/static/3ea6beec64369c2642b92c6726f1epng.png', '你是谁', '罗宏深');
INSERT INTO lostandfound.user (id, username, nickname, sex, phone, password, create_time, role, update_time, avatarPath, question, answer) VALUES (13, 'admin7', '唐碧灵', '女', '15319809750', '$2a$10$jqoDtFf1f/2R82nVViOeCeQLtyRC2rzoMT079klwhRfj7hjGxXZsG', '2022-02-11 22:31:04', 'admin', '2022-02-11 22:31:04', 'http://localhost:9080/static/uploads/static/3ea6beec64369c2642b92c6726f1epng.png', '你是谁', '唐碧灵');
INSERT INTO lostandfound.user (id, username, nickname, sex, phone, password, create_time, role, update_time, avatarPath, question, answer) VALUES (14, 'admin8', '蔡妍丽', '女', '15072166661', '$2a$10$jqoDtFf1f/2R82nVViOeCeQLtyRC2rzoMT079klwhRfj7hjGxXZsG', '2022-02-11 22:31:04', 'admin', '2022-02-11 22:31:04', 'http://localhost:9080/static/uploads/static/3ea6beec64369c2642b92c6726f1epng.png', '你是谁', '蔡妍丽');
INSERT INTO lostandfound.user (id, username, nickname, sex, phone, password, create_time, role, update_time, avatarPath, question, answer) VALUES (15, 'admin9', '白叶彤', '女', '15378951647', '$2a$10$jqoDtFf1f/2R82nVViOeCeQLtyRC2rzoMT079klwhRfj7hjGxXZsG', '2022-02-11 22:31:04', 'admin', '2022-02-11 22:31:04', 'http://localhost:9080/static/uploads/static/3ea6beec64369c2642b92c6726f1epng.png', '你是谁', '白叶彤');
INSERT INTO lostandfound.user (id, username, nickname, sex, phone, password, create_time, role, update_time, avatarPath, question, answer) VALUES (16, 'admin10', '广文翰', '男', '15061943736', '$2a$10$jqoDtFf1f/2R82nVViOeCeQLtyRC2rzoMT079klwhRfj7hjGxXZsG', '2022-02-11 22:31:04', 'admin', '2022-02-11 22:31:04', 'http://localhost:9080/static/uploads/static/3ea6beec64369c2642b92c6726f1epng.png', '你是谁', '广文翰');
INSERT INTO lostandfound.user (id, username, nickname, sex, phone, password, create_time, role, update_time, avatarPath, question, answer) VALUES (17, 'admin11', '牛嘉音', '女', '15597733775', '$2a$10$jqoDtFf1f/2R82nVViOeCeQLtyRC2rzoMT079klwhRfj7hjGxXZsG', '2022-02-11 22:31:04', 'admin', '2022-02-11 22:31:04', 'http://localhost:9080/static/uploads/static/3ea6beec64369c2642b92c6726f1epng.png', '你是谁', '牛嘉音');
INSERT INTO lostandfound.user (id, username, nickname, sex, phone, password, create_time, role, update_time, avatarPath, question, answer) VALUES (18, 'admin12', '卢慧秀', '女', '13797079689', '$2a$10$jqoDtFf1f/2R82nVViOeCeQLtyRC2rzoMT079klwhRfj7hjGxXZsG', '2022-02-11 22:31:04', 'admin', '2022-02-11 22:31:04', 'http://localhost:9080/static/uploads/static/3ea6beec64369c2642b92c6726f1epng.png', '你是谁', '卢慧秀');
INSERT INTO lostandfound.user (id, username, nickname, sex, phone, password, create_time, role, update_time, avatarPath, question, answer) VALUES (19, 'user6', '弘天赋', '男', '18990225387', '$2a$10$jqoDtFf1f/2R82nVViOeCeQLtyRC2rzoMT079klwhRfj7hjGxXZsG', '2022-02-11 22:31:04', 'user', '2022-02-11 22:31:04', 'http://localhost:9080/static/uploads/static/3ea6beec64369c2642b92c6726f1epng.png', '你是谁', '弘天赋');
INSERT INTO lostandfound.user (id, username, nickname, sex, phone, password, create_time, role, update_time, avatarPath, question, answer) VALUES (20, 'user7', '车君昊', '男', '13736564993', '$2a$10$jqoDtFf1f/2R82nVViOeCeQLtyRC2rzoMT079klwhRfj7hjGxXZsG', '2022-02-11 22:31:04', 'user', '2022-02-11 22:31:04', 'http://localhost:9080/static/uploads/static/3ea6beec64369c2642b92c6726f1epng.png', '你是谁', '车君昊');
INSERT INTO lostandfound.user (id, username, nickname, sex, phone, password, create_time, role, update_time, avatarPath, question, answer) VALUES (21, 'user8', '汤银瑶', '女', '15265242541', '$2a$10$jqoDtFf1f/2R82nVViOeCeQLtyRC2rzoMT079klwhRfj7hjGxXZsG', '2022-02-11 22:31:04', 'user', '2022-02-11 22:31:04', 'http://localhost:9080/static/uploads/static/3ea6beec64369c2642b92c6726f1epng.png', '你是谁', '汤银瑶');
INSERT INTO lostandfound.user (id, username, nickname, sex, phone, password, create_time, role, update_time, avatarPath, question, answer) VALUES (22, 'user9', '陈玉泉', '男', '15951383124', '$2a$10$jqoDtFf1f/2R82nVViOeCeQLtyRC2rzoMT079klwhRfj7hjGxXZsG', '2022-02-11 22:31:04', 'user', '2022-02-11 22:31:04', 'http://localhost:9080/static/uploads/static/3ea6beec64369c2642b92c6726f1epng.png', '你是谁', '陈玉泉');
INSERT INTO lostandfound.user (id, username, nickname, sex, phone, password, create_time, role, update_time, avatarPath, question, answer) VALUES (23, 'user10', '郜芳洁', '女', '13179976006', '$2a$10$jqoDtFf1f/2R82nVViOeCeQLtyRC2rzoMT079klwhRfj7hjGxXZsG', '2022-02-11 22:31:04', 'user', '2022-02-11 22:31:04', 'http://localhost:9080/static/uploads/static/3ea6beec64369c2642b92c6726f1epng.png', '你是谁', '郜芳洁');
INSERT INTO lostandfound.user (id, username, nickname, sex, phone, password, create_time, role, update_time, avatarPath, question, answer) VALUES (24, 'user11', '汤玉宸', '男', '13391006166', '$2a$10$jqoDtFf1f/2R82nVViOeCeQLtyRC2rzoMT079klwhRfj7hjGxXZsG', '2022-02-11 22:31:04', 'user', '2022-02-11 22:31:04', 'http://localhost:9080/static/uploads/static/3ea6beec64369c2642b92c6726f1epng.png', '你是谁', '汤玉宸');
INSERT INTO lostandfound.user (id, username, nickname, sex, phone, password, create_time, role, update_time, avatarPath, question, answer) VALUES (25, 'user12', '徐子舒', '女', '15242340055', '$2a$10$jqoDtFf1f/2R82nVViOeCeQLtyRC2rzoMT079klwhRfj7hjGxXZsG', '2022-02-11 22:31:04', 'user', '2022-02-11 22:31:04', 'http://localhost:9080/static/uploads/static/3ea6beec64369c2642b92c6726f1epng.png', '你是谁', '徐子舒');
INSERT INTO lostandfound.user (id, username, nickname, sex, phone, password, create_time, role, update_time, avatarPath, question, answer) VALUES (26, 'rogepi', '阿荣', '男', '1334445555', '$2a$10$d5mO0Q0lFxSo5u2txBpkdOvbooGFef.E5Ws36weNHlS/451miIlFa', '2022-03-06 10:24:22', 'user', '2022-03-06 10:24:22', 'http://localhost:9080/static/uploads/static/3ea6beec64369c2642b92c6726f1epng.png', '你是谁', '阿荣');
INSERT INTO lostandfound.item (id, type, title, place, time, contact, description, state, photoPath, update_time, userId, create_time) VALUES (1, '失物招领', '《小艾，爸爸特别地想你》', '教学楼A01', '2022-02-11 00:00:00', '联系电话：17385046653', '今天早上在教学楼A01拾取一本书', '未领取', 'http://localhost:9080/static/uploads\\2022-02-11\\0XIDX2WZH4B70B21XO31VV.png', '2022-02-11 22:34:32', 2, '2022-02-18 17:16:58');
INSERT INTO lostandfound.item (id, type, title, place, time, contact, description, state, photoPath, update_time, userId, create_time) VALUES (2, '寻物启事', '一串钥匙', '篮球场', '2022-02-11 00:00:00', '联系电话：17385046653', '今天晚上在篮球场打球的时候遗失一串钥匙，请拾到者尽快联系我，重谢！', '未领取', 'http://localhost:9080/static/uploads\\2022-02-11\\0XIDX2WZH4B70B21XO31ZK.jpeg', '2022-02-11 22:36:04', 2, '2022-02-18 17:16:58');
INSERT INTO lostandfound.item (id, type, title, place, time, contact, description, state, photoPath, update_time, userId, create_time) VALUES (3, '失物招领', '《皮囊》', '一食堂', '2022-02-10 00:00:00', '手机/微信同号：15805811821', '中午在食堂吃饭的时候捡到一本书，请失主联系我', '已领取', 'http://localhost:9080/static/uploads\\2022-02-11\\0XIDX2WZH4B70B21XO3239.jpeg', '2022-02-11 22:40:26', 3, '2022-02-18 17:16:58');
INSERT INTO lostandfound.item (id, type, title, place, time, contact, description, state, photoPath, update_time, userId, create_time) VALUES (4, '寻物启事', '黑色雨伞', '教学楼b201', '2022-02-10 00:00:00', '手机/微信同号：15805811821', '下课时忘记带，遗忘在教学楼然后回去找不见了，请拾到或者拿错的同学联系我', '未领取', 'http://localhost:9080/static/uploads\\2022-02-11\\0XIDX2WZH4B70B21XO326Y.jpeg', '2022-02-11 22:41:52', 3, '2022-02-18 17:16:58');
INSERT INTO lostandfound.item (id, type, title, place, time, contact, description, state, photoPath, update_time, userId, create_time) VALUES (5, '失物招领', '白色U盘', '201机房', '2022-02-10 00:00:00', 'wx：19936481114', '在上机课时捡到白色U盘一个', '未领取', 'http://localhost:9080/static/uploads\\2022-02-11\\0XIDX2WZH4B70B21XO32AN.png', '2022-02-11 22:49:11', 4, '2022-02-18 17:16:58');
INSERT INTO lostandfound.item (id, type, title, place, time, contact, description, state, photoPath, update_time, userId, create_time) VALUES (6, '寻物启事', '一个红玫瑰书签', '图书馆三楼阅览室', '2022-02-09 00:00:00', 'wx: 19936481114', '应该是在图书馆丢失的，对我很重要，拾到者重谢！！', '未领取', 'http://localhost:9080/static/uploads\\2022-02-11\\0XIDX2WZH4B70B21XO32EC.png', '2022-02-11 22:50:19', 4, '2022-02-18 17:16:58');
INSERT INTO lostandfound.item (id, type, title, place, time, contact, description, state, photoPath, update_time, userId, create_time) VALUES (7, '失物招领', '《礼拜二午睡时刻》', '教学楼401', '2022-02-10 00:00:00', '', '打扫卫生时在抽屉里发现的，放讲台上了', '未领取', 'http://localhost:9080/static/uploads\\2022-02-11\\0XIDX2WZH4B70B21XO32I1.jpeg', '2022-02-11 22:53:15', 5, '2022-02-18 17:16:58');
INSERT INTO lostandfound.item (id, type, title, place, time, contact, description, state, photoPath, update_time, userId, create_time) VALUES (8, '寻物启事', '一个十字架金属项链', '操场、教学楼反正学校里面', '2022-02-11 00:00:00', '微信：14537377410', '今天带着出门然后回来的时候脖子就空了不知道掉哪了，希望有看到的人联系我一下拜托拜托', '未领取', 'http://localhost:9080/static/uploads\\2022-02-11\\0XIDX2WZH4B70B21XO32LQ.png', '2022-02-11 22:55:56', 5, '2022-02-18 17:16:58');
INSERT INTO lostandfound.item (id, type, title, place, time, contact, description, state, photoPath, update_time, userId, create_time) VALUES (9, '失物招领', '一个粉色的U盘', '301机房', '2022-02-11 00:00:00', '手机/微信：17710975121', '早上在机房上课捡到的，有丢失的同学联系我吧', '已领取', 'http://localhost:9080/static/uploads\\2022-02-11\\0XIDX2WZH4B70B21XO32PF.png', '2022-02-11 22:58:02', 6, '2022-02-18 17:16:58');
INSERT INTO lostandfound.item (id, type, title, place, time, contact, description, state, photoPath, update_time, userId, create_time) VALUES (10, '寻物启事', '一把红色雨伞', '教学楼b101', '2022-02-11 00:00:00', '手机/微信：17710975121', '放学走的时候忘记拿了，第二天去不见了，希望拿错的人联系我一下或者留言被收到哪里去了', '未领取', 'http://localhost:9080/static/uploads\\2022-02-11\\0XIDX2WZH4B70B21XO32T4.jpeg', '2022-02-11 22:59:45', 6, '2022-02-18 17:16:58');
INSERT INTO lostandfound.item (id, type, title, place, time, contact, description, state, photoPath, update_time, userId, create_time) VALUES (11, '失物招领', '《人间失格》', '', '2022-02-18 00:00:00', 'wx:17266444289', '《人间失格》', '未领取', 'http://localhost:9080/static/uploads\\2022-02-18\\Z04KXBDVNMJM35LVSNXPBJ.jpeg', '2022-02-18 15:45:21', 1, '2022-02-18 17:16:58');
INSERT INTO lostandfound.item (id, type, title, place, time, contact, description, state, photoPath, update_time, userId, create_time) VALUES (12, '失物招领', '测试', '测试', '2022-02-21 12:00:00', '测试', '测试', '未领取', 'http://localhost:9080/static/uploads\\2022-02-21\\CA6X3F89CNDTLXHBSTJUJ1.png', '2022-02-21 19:55:55', 1, '2022-02-21 19:55:55');
INSERT INTO lostandfound.comment (id, userId, author, content, create_time, update_time, itemId, avatar) VALUES (1, '2', '杜茜茜', '有没有人啊捡到啊！！！', '2022-02-11 22:37:59', '2022-02-11 22:37:59', 2, '');
INSERT INTO lostandfound.comment (id, userId, author, content, create_time, update_time, itemId, avatar) VALUES (2, '3', '游妙柏', '好像是我同学的', '2022-02-11 22:38:47', '2022-02-11 22:38:47', 1, '');
INSERT INTO lostandfound.comment (id, userId, author, content, create_time, update_time, itemId, avatar) VALUES (3, '3', '游妙柏', '怕下次下雨没有伞用了呀，救救孩子！', '2022-02-11 22:44:24', '2022-02-11 22:44:24', 4, '');
INSERT INTO lostandfound.comment (id, userId, author, content, create_time, update_time, itemId, avatar) VALUES (4, '4', '国白山', '好好看的', '2022-02-11 22:50:53', '2022-02-11 22:50:53', 6, '');
INSERT INTO lostandfound.comment (id, userId, author, content, create_time, update_time, itemId, avatar) VALUES (5, '6', '家晓桐', '挺好看的，有链接吗默默问。。。', '2022-02-11 22:56:49', '2022-02-11 22:56:49', 8, '');
INSERT INTO lostandfound.comment (id, userId, author, content, create_time, update_time, itemId, avatar) VALUES (6, '1', '管理员', '你好', '2022-02-18 18:57:28', '2022-02-18 18:57:28', 1, 'http://localhost:9080/static/uploads\\2022-02-18\\6FSIYHFP3IWVKTW5EWN1L9.png');
